id,question,gold_1,gold_2,gold1@2,gold1@5,gold1@10,gold1@20,gold2@2,gold2@5,gold2@10,gold2@20
5a70eee85542994082a3e3f0,"Which group of people in West Africa with significant populations in Ghana, Ivory Coast, Liberia and Sierra Leone use the Ida?",Ida (sword),Yoruba people,0,0,0,0,0,0,0,0
5a70f0a75542994082a3e403,"Which dialect spoken in the province of Scania calls Spettekaka, ""spiddekaga""?",Spettekaka,Scanian dialect,1,1,1,1,0,0,0,0
5a70f0e75542994082a3e408,"Which of these universities, Northwestern University or Johns Hopkins University, have a campus outside of the United States territories?",Johns Hopkins University,Northwestern University,1,1,1,1,0,0,0,0
5a70f9335542994082a3e46a,"Which magazine is published more in a year, Essence or Alt for Damerne?",Essence (magazine),Alt for Damerne,0,0,0,0,1,1,1,1
5a7103b35542994082a3e4c0,"Which mountain, Masherbrum or Khunyang Chhish, is a taller mountain?",Masherbrum,Khunyang Chhish,0,1,1,1,1,1,1,1
5a7109e95542994082a3e4fa,What town did Sean Robert Francis play in as part of the most successful club in the Republic of Ireland?,Sean Francis (footballer),Shamrock Rovers F.C.,1,1,1,1,0,0,0,1
5a710d155542994082a3e520,Who was the defense counsel of a German woman who underwent Catholic exorcism rites during the year before her death?,Erich Schmidt-Leichner,Anneliese Michel,1,1,1,1,1,1,1,1
5a711c535542994082a3e59b,Albanians in Montenegro which make up 4.91 of the county's total population could be members of the Albanian Coalation Perspect which is a what? ,Albanian Coalition &quot;Perspective&quot;,Albanians in Montenegro,1,1,1,1,1,1,1,1
5a711cb45542994082a3e59f,"Who has won more Grand Slam women's doubles titles, Lisa Raymond or Liezel Huber?",Lisa Raymond,Liezel Huber,0,0,0,1,1,1,1,1
5a71224f5542994082a3e5c1,"When was the actor born who starred in Nambia: The Struggle for Liberation and played Roger Murtaugh in the ""Lethal Weapon"" film series?",Namibia: The Struggle for Liberation,Danny Glover,0,0,0,0,0,0,1,1
5a713dcb5542994082a3e6d9,What pursuit did both Gevork Minaskanian and George Stambolian have in common?,Gevork Minaskanian,George Stambolian,1,1,1,1,1,1,1,1
5a71419f5542994082a3e70d,"Riema Juhani Karppinen won the silver medal at what event held outside of Munich, Germany?",Reima Karppinen,1981 World Rowing Championships,1,1,1,1,0,0,0,0
5a71474b5542994082a3e74f,What was triggered by the resignation of Conservative MP Stephen Phillips on 4 November 2016 and was when Caroline Johnson became a Member of Parliament?,Caroline Johnson,"Sleaford and North Hykeham by-election, 2016",1,1,1,1,0,1,1,1
5a7147fd5542994082a3e758,When was the king that started coin production in Copenhagen born?,Royal Mint (Denmark),"John, King of Denmark",1,1,1,1,0,0,0,0
5a7149cf5542994082a3e773,What 2015 British-Canadian-Irish romantic drama was Finola Dwyer a producer of?,Finola Dwyer,Brooklyn (film),1,1,1,1,0,0,0,0
5a714de95542994082a3e7a8,"Alexander Young, also known as George Alexander, is the uncle to which Scottish musician who replaced Malcolm Young in the band AC/DC in 2014?",Alexander Young (musician),Stevie Young,1,1,1,1,1,1,1,1
5a71674f5542994082a3e819,When was the magazine Sam Duckworth got his name Get Cape. Wear Cape. Fly from launched?,Get Cape. Wear Cape. Fly,Retro Gamer,1,1,1,1,0,0,0,0
5a716c415542994082a3e827,Which airline partners with Gogo Inflight Internet and opened in 1984?,Gogo Inflight Internet,Virgin Atlantic,1,1,1,1,0,0,0,0
5a716dc15542994082a3e82b,Who is younger Kirk Humphreys or Tom Coburn?,Kirk Humphreys,Tom Coburn,1,1,1,1,0,1,1,1
5a721a7655429971e9dc9271,What actor from the show Murphy Brown also had a role in a show with fellow actor Steve Howey? ,Reba (season 1),Christopher Rich (actor),0,0,0,0,1,1,1,1
5a72224755429971e9dc92be,"Which was founded first, Dain Rauscher Wessels or Berenberg Bank?",Dain Rauscher Wessels,Berenberg Bank,1,1,1,1,0,0,1,1
5a722c2255429971e9dc932c,"What type of development, currently existing in Pasay, is currently being considered for malls such as one in M.A. Roxas Avenue in Clark Freeport, Angeles City in Pampanga Philippines?",SM Lifestyle City,SM City Clark,0,1,1,1,1,1,1,1
5a72334755429971e9dc934c,"""Heartbreak Hurricane"" was recorded by which country artist, that also goes by the name Ricky Skaggs?",Heartbreak Hurricane,Ricky Skaggs,1,1,1,1,0,0,1,1
5a7243915542990c210a4086,"Where is the University of North Carolina at Wilmington, population 112,067 located?",University of North Carolina at Wilmington,"Wilmington, North Carolina",0,1,1,1,1,1,1,1
5a724ba25542990c210a40c7,What is the English translation of the social group which Baran Khan Kudezai was a part of?,Baran Khan Kudezai,Loya jirga,1,1,1,1,0,0,0,0
5a7264ed5542990c210a411a,What was the slogan  that came about from the idea of Lebensraum which had its most extreme form supported by the Nazi Party until the end of World War II?,Blood and Soil,Lebensraum,0,0,0,0,1,1,1,1
5a7283365542991f9a20c4b2,Allison Gross is a character in a story which applies what writing technique that introduces characters in threes? ,Allison Gross,Rule of three (writing),0,0,0,0,0,0,1,1
5a7293655542991f9a20c4ff,What 1996 book was written by the founder of Media Matter for America?,The Seduction of Hillary Rodham,David Brock,0,0,0,0,0,0,0,0
5a7294b65542991f9a20c509,What is the name of the umcoming horror film adaptation starring Melanie Griffiths daughter?,Suspiria (upcoming film),Dakota Johnson,0,0,0,0,0,0,0,0
5a72953b5542994cef4bc357,What Labor member of the House of Representatives in the Australian Parliament was a member of the Australian Labor Party Australian Young Labor?,Australian Young Labor,Tony Burke,0,0,0,0,0,0,0,0
5a72a2935542991f9a20c546,Is Velvetpark or Shape magazine written more for a lesbian and queer-identified female readership?,Velvetpark,Shape (magazine),1,1,1,1,0,0,0,0
5a72a3c45542994cef4bc3ac,"What is the birth name of the woman that ""A Woman Called Moses"" is based on?",A Woman Called Moses,Harriet Tubman,1,1,1,1,0,0,0,0
5a72a9ac5542991f9a20c55f,Which show co-hosted by Hoda Kotb was produced by Brian Balthazar?,Brian Balthazar,Hoda Kotb,1,1,1,1,1,1,1,1
5a72c6f65542994cef4bc402,Wheat salad is composed typically of what red fruit?,Wheat salad,Tomato,1,1,1,1,0,0,0,0
5a72e4375542992359bc31bf,"Who is older, Lucy Gichuhi or Bob Day?",Lucy Gichuhi,Bob Day,1,1,1,1,0,0,0,0
5a73024f5542991f9a20c5fc,what year was the cover artist of Multiverse: Exploring Poul Anderson's Worlds born ?,Multiverse: Exploring Poul Anderson's Worlds,Bob Eggleton,1,1,1,1,0,0,0,0
5a7312675542994cef4bc43d,Which one of Ricardo Rodríguez Saá's relatives would become governor from 1983 to 2001?,Ricardo Rodríguez Saá,Adolfo Rodríguez Saá,1,1,1,1,0,1,1,1
5a7319bc5542992359bc3235,"Who lived longer, Leonid Khachiyan or Nikolai Lobachevsky?",Leonid Khachiyan,Nikolai Lobachevsky,0,1,1,1,0,1,1,1
5a7324e055429901807daf8f,"What rapper on the song ""Wij zijn Ajax"" plays for the Turkish club Beşiktaş?",Wij zijn Ajax,Ryan Babel,1,1,1,1,0,0,0,1
5a7329a15542991f9a20c65f,What record officially started in 1519 in the same state that holds the city Augustus Chapman Allen used his inheritance to fund the founding of?,Charlotte Baldwin Allen,History of Texas,1,1,1,1,0,0,0,0
5a7331705542991f9a20c67a,Who was the Goal keeper for Iraq in the 1996 AFC Asian Cup played in the United Arab Emirates?,Emad Hashim,1996 AFC Asian Cup,0,0,0,1,0,0,1,1
5a7337715542991f9a20c690,For which Thomas Rickman film did Sissy Spacek win an Academy Award for Best Actress?,Thomas Rickman (writer),Coal Miner's Daughter (film),0,0,0,1,0,1,1,1
5a7345185542992359bc32cb,"Which continent are both magazines, Sayidaty and Closer published?",Sayidaty,Closer (magazine),1,1,1,1,1,1,1,1
5a734a205542992359bc32e2,"Which director won an Academy Award for best director for his work on the film, ""Midnight Cowboy?""",John Schlesinger,Midnight Cowboy,1,1,1,1,0,0,0,0
5a734db15542994cef4bc523,"Which musician was born first, Constantine Orbelian or Lili Chookasian?",Constantine Orbelian,Lili Chookasian,1,1,1,1,0,1,1,1
5a73583455429901807dafcf,"In which professional wrestling promotion did Randy Savage perform, after he left the World Wrestling Federation?",Randy Savage,World Championship Wrestling,1,1,1,1,0,0,0,1
5a735bae55429901807dafef,Which indigenous people of the Ryukyu Islands were massacred in the Mudan incident of 1871?,Mudan incident (1871),Ryukyuan people,1,1,1,1,0,0,0,0
5a735e9155429901807db00d,What country is home to both Guadarrama National Park and Doñana National Park? ,Guadarrama National Park,Doñana National Park,1,1,1,1,0,0,0,0
5a73626b55429901807db01e,Mount Austin Barracks is located near the Peak Tram terminus at what mountain that is also known as Mount Austin?,Mount Austin Barracks,Victoria Peak,1,1,1,1,0,0,0,1
5a7365b155429901807db02a,Which war was HMS Clonmel in where over nine million combatants died?,HMS Clonmel (1918),World War I,1,1,1,1,0,1,1,1
5a737fff554299623ed4abb9,"What was built near the residential neighborhood of Ramsay, Calgary in 1983?","Ramsay, Calgary",Scotiabank Saddledome,1,1,1,1,0,0,0,0
5a7380e055429908901be2d6,"Which building is newer, The Spiral, or the New York World Building?",The Spiral (New York City),New York World Building,0,0,0,0,1,1,1,1
5a7384755542992d56e7e354,"Which soccer club's head coach was born August 1, 1973?",Columbus Crew SC,Gregg Berhalter,0,0,0,0,1,1,1,1
5a738a5955429908901be2f6,A book that attracted 600 people at a 2015 reading is based on a person who is documented for what attribute of the transgender movement?,Jessica Herthel,Jazz Jennings,1,1,1,1,0,1,1,1
5a738fb4554299623ed4abf9,"Which of these is further south in China, the Pulandian District or Kaiyuan, Liaoning?",Pulandian District,"Kaiyuan, Liaoning",1,1,1,1,1,1,1,1
5a73984355429908901be307,"What singer-songwriter performed the country pop sing ""Fifteen""?",Fifteen (song),Taylor Swift,0,0,0,0,0,0,0,0
5a739d8c55429905862fe073,"Near which town did the family of author of the ""Adventures of Huckleberry Finn"" own several tracts of land?","Santa Fe, Missouri",Mark Twain,0,0,0,0,0,0,0,0
5a739ef955429978a71e904b,"What festival is held every June in Bartlesville, Oklahoma?",OK Mozart Festival,"Bartlesville, Oklahoma",1,1,1,1,0,1,1,1
5a73a7c755429978a71e9068,What american actress/singer born in 1956 recorded the song Something there for beauty and the beast?,Something There,Paige O'Hara,1,1,1,1,0,0,1,1
5a73b1855542992d56e7e388,Which actor in the film Equus is also in the film The Informers?,The Informers (1963 film),Colin Blakely,0,0,0,0,1,1,1,1
5a73c958554299623ed4ac5c,What community is the team Isaac Gómez played midfielder for located?,Isaac Gómez,CF Fuenlabrada,1,1,1,1,0,0,0,0
5a73cbe4554299623ed4ac5f,What series did Tom Mandrake collaborate on that was based on a fictional superhero?,Tom Mandrake,Martian Manhunter,1,1,1,1,0,0,0,0
5a74547755429979e2882900,"the head football coach at the University of Houston from 2007 to 2011, is the current team coach of which football team ?",Texas A&amp;M Aggies football,Kevin Sumlin,0,0,0,0,1,1,1,1
5a7458ff55429979e2882918,"That Darn Cat and Honey, I Blew Up the Kid are both what?",That Darn Cat (1997 film),"Honey, I Blew Up the Kid",0,0,1,1,1,1,1,1
5a745e1455429929fddd83fd,What drug is among the list of illegal drugs in the Philippines and can be taken by mouth or by injection?,Illegal drug trade in the Philippines,Ephedrine,1,1,1,1,0,0,0,0
5a74670855429929fddd840d,Which CNN journalist and two-time Pulitzer winner inspired the Half the Sky Movement?,Half the Sky movement,Nicholas Kristof,0,1,1,1,0,0,0,1
5a74701655429979e2882952,"Which band has released the most studio albums, Blonde Redhead or Rob Zombie's band White Zombie?",Blonde Redhead,Rob Zombie,0,0,0,0,1,1,1,1
5a7471f655429979e2882955,Which American main title designer designed sequences for the founder of the Sundance Film Festival?,Wayne Fitzgerald,Robert Redford,0,0,0,0,0,0,0,0
5a749e1855429979e28829c3,"Which tennis player is older, Emilio Sánchez or Andrei Olhovskiy?",Andrei Olhovskiy,Emilio Sánchez,1,1,1,1,0,0,0,1
5a74bdce55429929fddd84e1,Who died last Vladimir Arnold or Georg Cantor?,Georg Cantor,Vladimir Arnold,0,0,0,0,0,0,0,0
5a74e9c255429974ef308c93,"The book translated as ""School of Religions"" was suggested to be written by whom?",Mohsin Fani,Dabestan-e Mazaheb,0,0,0,0,0,0,0,0
5a751bbe5542993748c897ba,Which 1962 film starring Tom Courtenay is based on a short story of the same name?,Tom Courtenay,The Loneliness of the Long Distance Runner (film),0,0,0,0,1,1,1,1
5a75447b55429974ef308cbf,"Which battle came first, the Battle of Okinawa or Operation Diadem?",Battle of Okinawa,Operation Diadem,0,1,1,1,1,1,1,1
5a75462d5542996c70cfaed3,"Who was born first, Kwok Kin Pong or Edison Chen?",Kwok Kin Pong,Edison Chen,1,1,1,1,0,1,1,1
5a756b175542996c70cfaef7,"Which peak stands higher, Muztagh Ata or Manaslu?",Muztagh Ata,Manaslu,1,1,1,1,0,0,0,1
5a756dd65542996c70cfaef9,"Which documentary was produced first, The Saimaa Gesture or Eclipse of Reason?",The Saimaa Gesture,Eclipse of Reason,1,1,1,1,1,1,1,1
5a7577145542996c70cfaf03,"Which park is larger, Timanfaya National Park or Sierra Nevada National Park?",Timanfaya National Park,Sierra Nevada National Park (Spain),1,1,1,1,0,0,0,1
5a75a4135542992d0ec05fcd,The Woodvale Historic District was built buy a company headquartered where?,Woodvale Historic District,East Broad Top Railroad and Coal Company,1,1,1,1,0,0,0,0
5a75a76b5542992db9473697,Which animal-themed Disney classic film appeared first: That Darn Cat! or Perri?,That Darn Cat!,Perri (film),1,1,1,1,0,0,0,0
5a75c02f5542992db94736b4,"Which mountain is higher, Tongshanjiabu or Himalchuli?",Tongshanjiabu,Himalchuli,1,1,1,1,1,1,1,1
5a75da235542992db94736f9,"One of the signatories of the Chicago Statement on Biblical Inerrancy was which Presbyterian pastor, known for taking a more presuppositional approach to apologetics?",Chicago Statement on Biblical Inerrancy,Francis Schaeffer,1,1,1,1,0,1,1,1
5a75e814554299109176e5c7,"Which Republican Chairman was born June 1, 1956? ",Charlie Ross (state senator),Gregg Harper,0,0,0,0,0,0,0,0
5a75ebfc5542992d0ec06018,What indigenous American ethnic group that inhabits land in the northern United States and southern Canada was part of the Treaty of Springwells?,Treaty of Springwells,Odawa,0,1,1,1,0,1,1,1
5a75f0ea5542994ccc91866c,What major truck road is located in Backford Cross?,Backford Cross,A41 road,1,1,1,1,0,0,0,0
5a75f1a755429976ec32bcb1,Which actress played a character that dated Mark Brendanawicz?,Mark Brendanawicz,Parks and Recreation,1,1,1,1,0,0,0,0
5a760dcd5542994ccc9186a1,What component was included on the iPad4 that is now a registered trademark in Jamaica? ,IPad (4th generation),Retina Display,0,0,0,0,1,1,1,1
5a761e855542994ccc9186e0,Where are Catcha Lake and Hedley Mascot Mine located?,Catcha Lake,Hedley Mascot Mine,1,1,1,1,1,1,1,1
5a762cf0554299109176e6a4,"Who is older, Bertalan Farkas or Hans Schlegel?",Bertalan Farkas,Hans Schlegel,1,1,1,1,1,1,1,1
5a7630105542992d0ec0605a,What album was released by 1948-born French composer in 1998?,Odyssey Through O2,Jean-Michel Jarre,0,0,0,0,0,0,0,0
5a7631c05542994ccc91870b,"Which university is located more east, Indiana University or University of Pennsylvania?",Indiana University,University of Pennsylvania,0,0,0,1,0,0,0,0
5a7633ad5542992db9473741,"Which was fought earlier in our nation's history, the Seven Days Battles or the Battle of Manila?",Seven Days Battles,Battle of Manila (1945),0,0,0,0,0,0,0,0
5a7642f7554299109176e6e8,who is younger Ulrich Walter or  Luca Parmitano?,Ulrich Walter,Luca Parmitano,0,1,1,1,1,1,1,1
5a765fe85542992d0ec060c5,The Black Star identified closely with this American magazine magnate who was called what?,Black Star (photo agency),Henry Luce,0,1,1,1,0,0,0,1
5a7666095542992d0ec060db,"What American gangster, businessman, casino owner and philanthropist was the inspiration for Morris ""Moe"" Greene in ""The Godfather""?",Moe Greene,Moe Dalitz,1,1,1,1,1,1,1,1
5a769b0d5542993569682c50,"Which documentary film was created first, The End of Suburbia or Super High Me?",The End of Suburbia,Super High Me,1,1,1,1,1,1,1,1
5a76db3555429972597f13e7,When did the first bank come into existence that is part of an organization that serves rural areas of India with basic banking and financial services?,Maharashtra Gramin Bank,Regional Rural Bank,0,0,0,0,1,1,1,1
5a76fe7b5542994aec3b71b2,"Eric Stark Maskin was a  teacher for which university, located in New Jersey?",Eric Maskin,Institute for Advanced Study,1,1,1,1,0,0,0,0
5a771e0b55429966f1a36c75,"Jessica Lee, former MP for Erewash, served as Parliamentary Private Secretary to the experienced representative for Beaconsfield, when he held which office?",Jessica Lee,Dominic Grieve,1,1,1,1,0,0,0,0
5a7723fa55429966f1a36ca0,"Which was published earlier, La Belle Assemblée or VIVmag?",VIVmag,La Belle Assemblée,0,0,0,0,1,1,1,1
5a772c925542993735360208,Which was published first Polarity or The Farming Game?,Polarity (game),The Farming Game,1,1,1,1,0,1,1,1
